image_path,class,internal_class,selection,reviewed
dataset\Apple___Apple_scab\image (164).JPG,Apple___Apple_scab,apple_scab,moderate,1
dataset\Apple___healthy\image (1168).JPG,Apple___healthy,healthy,low,1
dataset\Apple___Apple_scab\image (581).JPG,Apple___Apple_scab,apple_scab,low,1
dataset\Apple___Black_rot\image (410).JPG,Apple___Black_rot,black_rot,low,1
dataset\Apple___Black_rot\image (31).JPG,Apple___Black_rot,black_rot,low,1
dataset\Apple___Cedar_apple_rust\image (77).JPG,Apple___Cedar_apple_rust,cedar_rust,high,1
dataset\Apple___Apple_scab\image (115).JPG,Apple___Apple_scab,apple_scab,moderate,1
dataset\Apple___Cedar_apple_rust\image (27).JPG,Apple___Cedar_apple_rust,cedar_rust,moderate,1
dataset\Apple___Black_rot\image (357).JPG,Apple___Black_rot,black_rot,low,1
dataset\Apple___Apple_scab\image (588).JPG,Apple___Apple_scab,apple_scab,moderate,1
dataset\Apple___Apple_scab\image (312).JPG,Apple___Apple_scab,apple_scab,low,1
dataset\Apple___Apple_scab\image (218).JPG,Apple___Apple_scab,apple_scab,low,1
dataset\Apple___Black_rot\image (161).JPG,Apple___Black_rot,black_rot,low,1
dataset\Apple___Black_rot\image (398).JPG,Apple___Black_rot,black_rot,low,1
dataset\Apple___Black_rot\image (609).JPG,Apple___Black_rot,black_rot,low,1
dataset\Apple___healthy\image (1399).JPG,Apple___healthy,healthy,low,1
dataset\Apple___Black_rot\image (577).JPG,Apple___Black_rot,black_rot,low,1
dataset\Apple___Apple_scab\image (389).JPG,Apple___Apple_scab,apple_scab,moderate,1
dataset\Apple___Black_rot\image (617).JPG,Apple___Black_rot,black_rot,low,1
dataset\Apple___healthy\image (559).JPG,Apple___healthy,healthy,low,1
dataset\Apple___Apple_scab\image (620).JPG,Apple___Apple_scab,apple_scab,moderate,1
dataset\Apple___Cedar_apple_rust\image (35).JPG,Apple___Cedar_apple_rust,cedar_rust,moderate,1
dataset\Apple___Black_rot\image (511).JPG,Apple___Black_rot,black_rot,low,1
dataset\Apple___Black_rot\image (399).JPG,Apple___Black_rot,black_rot,high,1
dataset\Apple___Black_rot\image (362).JPG,Apple___Black_rot,black_rot,low,1
dataset\Apple___Cedar_apple_rust\image (229).JPG,Apple___Cedar_apple_rust,cedar_rust,high,1
dataset\Apple___healthy\image (1453).JPG,Apple___healthy,healthy,low,1
dataset\Apple___Cedar_apple_rust\image (182).JPG,Apple___Cedar_apple_rust,cedar_rust,high,1
dataset\Apple___Apple_scab\image (509).JPG,Apple___Apple_scab,apple_scab,low,1
dataset\Apple___Black_rot\image (130).JPG,Apple___Black_rot,black_rot,low,1
dataset\Apple___healthy\image (500).JPG,Apple___healthy,healthy,low,1
dataset\Apple___Apple_scab\image (194).JPG,Apple___Apple_scab,apple_scab,high,1
dataset\Apple___Black_rot\image (230).JPG,Apple___Black_rot,black_rot,low,1
dataset\Apple___healthy\image (1597).JPG,Apple___healthy,healthy,low,1
dataset\Apple___Black_rot\image (170).JPG,Apple___Black_rot,black_rot,high,1
dataset\Apple___Apple_scab\image (615).JPG,Apple___Apple_scab,apple_scab,moderate,1
dataset\Apple___Cedar_apple_rust\image (171).JPG,Apple___Cedar_apple_rust,cedar_rust,high,1
dataset\Apple___healthy\image (1630).JPG,Apple___healthy,healthy,low,1
dataset\Apple___Cedar_apple_rust\image (128).JPG,Apple___Cedar_apple_rust,cedar_rust,high,1
dataset\Apple___Cedar_apple_rust\image (84).JPG,Apple___Cedar_apple_rust,cedar_rust,high,1
dataset\Apple___Black_rot\image (62).JPG,Apple___Black_rot,black_rot,moderate,1
dataset\Apple___Cedar_apple_rust\image (136).JPG,Apple___Cedar_apple_rust,cedar_rust,high,1
dataset\Apple___Apple_scab\image (168).JPG,Apple___Apple_scab,apple_scab,moderate,1
dataset\Apple___Cedar_apple_rust\image (56).JPG,Apple___Cedar_apple_rust,cedar_rust,moderate,1
dataset\Apple___healthy\image (453).JPG,Apple___healthy,healthy,low,1
dataset\Apple___Black_rot\image (115).JPG,Apple___Black_rot,black_rot,low,1
dataset\Apple___Cedar_apple_rust\image (1).JPG,Apple___Cedar_apple_rust,cedar_rust,moderate,1
dataset\Apple___Cedar_apple_rust\image (256).JPG,Apple___Cedar_apple_rust,cedar_rust,moderate,1
dataset\Apple___Apple_scab\image (523).JPG,Apple___Apple_scab,apple_scab,high,1
dataset\Apple___Cedar_apple_rust\image (230).JPG,Apple___Cedar_apple_rust,cedar_rust,moderate,1
dataset\Apple___Apple_scab\image (268).JPG,Apple___Apple_scab,apple_scab,low,1
dataset\Apple___Black_rot\image (72).JPG,Apple___Black_rot,black_rot,low,1
dataset\Apple___Black_rot\image (329).JPG,Apple___Black_rot,black_rot,low,1
dataset\Apple___Cedar_apple_rust\image (275).JPG,Apple___Cedar_apple_rust,cedar_rust,moderate,1
dataset\Apple___Black_rot\image (36).JPG,Apple___Black_rot,black_rot,low,1
dataset\Apple___Black_rot\image (586).JPG,Apple___Black_rot,black_rot,high,1
dataset\Apple___Cedar_apple_rust\image (181).JPG,Apple___Cedar_apple_rust,cedar_rust,high,1
dataset\Apple___Apple_scab\image (559).JPG,Apple___Apple_scab,apple_scab,moderate,1
dataset\Apple___Apple_scab\image (303).JPG,Apple___Apple_scab,apple_scab,moderate,1
dataset\Apple___Apple_scab\image (29).JPG,Apple___Apple_scab,apple_scab,low,1
dataset\Apple___healthy\image (1162).JPG,Apple___healthy,healthy,low,1
dataset\Apple___Apple_scab\image (118).JPG,Apple___Apple_scab,apple_scab,low,1
dataset\Apple___Cedar_apple_rust\image (14).JPG,Apple___Cedar_apple_rust,cedar_rust,high,1
dataset\Apple___Apple_scab\image (119).JPG,Apple___Apple_scab,apple_scab,high,1
dataset\Apple___Cedar_apple_rust\image (22).JPG,Apple___Cedar_apple_rust,cedar_rust,moderate,1
dataset\Apple___Cedar_apple_rust\image (122).JPG,Apple___Cedar_apple_rust,cedar_rust,high,1
dataset\Apple___Cedar_apple_rust\image (112).JPG,Apple___Cedar_apple_rust,cedar_rust,high,1
dataset\Apple___Cedar_apple_rust\image (204).JPG,Apple___Cedar_apple_rust,cedar_rust,high,1
dataset\Apple___Apple_scab\image (561).JPG,Apple___Apple_scab,apple_scab,moderate,1
dataset\Apple___healthy\image (777).JPG,Apple___healthy,healthy,low,1
dataset\Apple___Black_rot\image (219).JPG,Apple___Black_rot,black_rot,low,1
dataset\Apple___Black_rot\image (603).JPG,Apple___Black_rot,black_rot,low,1
dataset\Apple___healthy\image (19).JPG,Apple___healthy,healthy,low,1
dataset\Apple___Cedar_apple_rust\image (7).JPG,Apple___Cedar_apple_rust,cedar_rust,moderate,1
dataset\Apple___Black_rot\image (268).JPG,Apple___Black_rot,black_rot,low,1
dataset\Apple___Apple_scab\image (11).JPG,Apple___Apple_scab,apple_scab,high,1
dataset\Apple___Apple_scab\image (259).JPG,Apple___Apple_scab,apple_scab,moderate,1
dataset\Apple___healthy\image (811).JPG,Apple___healthy,healthy,low,1
dataset\Apple___Apple_scab\image (582).JPG,Apple___Apple_scab,apple_scab,high,1
dataset\Apple___Apple_scab\image (338).JPG,Apple___Apple_scab,apple_scab,high,1
dataset\Apple___Cedar_apple_rust\image (47).JPG,Apple___Cedar_apple_rust,cedar_rust,moderate,1
dataset\Apple___Apple_scab\image (329).JPG,Apple___Apple_scab,apple_scab,moderate,1
dataset\Apple___Apple_scab\image (374).JPG,Apple___Apple_scab,apple_scab,high,1
dataset\Apple___healthy\image (831).JPG,Apple___healthy,healthy,low,1
dataset\Apple___Black_rot\image (527).JPG,Apple___Black_rot,black_rot,low,1
dataset\Apple___Cedar_apple_rust\image (225).JPG,Apple___Cedar_apple_rust,cedar_rust,moderate,1
dataset\Apple___healthy\image (171).JPG,Apple___healthy,healthy,low,1
dataset\Apple___Black_rot\image (582).JPG,Apple___Black_rot,black_rot,low,1
dataset\Apple___healthy\image (1063).JPG,Apple___healthy,healthy,low,1
dataset\Apple___Cedar_apple_rust\image (158).JPG,Apple___Cedar_apple_rust,cedar_rust,high,1
dataset\Apple___Black_rot\image (289).JPG,Apple___Black_rot,black_rot,low,1
dataset\Apple___Black_rot\image (615).JPG,Apple___Black_rot,black_rot,low,1
dataset\Apple___healthy\image (1493).JPG,Apple___healthy,healthy,low,1
dataset\Apple___Cedar_apple_rust\image (156).JPG,Apple___Cedar_apple_rust,cedar_rust,high,1
dataset\Apple___Black_rot\image (483).JPG,Apple___Black_rot,black_rot,low,1
dataset\Apple___Cedar_apple_rust\image (244).JPG,Apple___Cedar_apple_rust,cedar_rust,moderate,1
dataset\Apple___Cedar_apple_rust\image (43).JPG,Apple___Cedar_apple_rust,cedar_rust,moderate,1
dataset\Apple___Black_rot\image (143).JPG,Apple___Black_rot,black_rot,low,1
dataset\Apple___Black_rot\image (124).JPG,Apple___Black_rot,black_rot,moderate,1
dataset\Apple___Apple_scab\image (80).JPG,Apple___Apple_scab,apple_scab,moderate,1
dataset\Apple___healthy\image (381).JPG,Apple___healthy,healthy,low,1
dataset\Apple___Apple_scab\image (286).JPG,Apple___Apple_scab,apple_scab,moderate,1
dataset\Apple___Apple_scab\image (166).JPG,Apple___Apple_scab,apple_scab,moderate,1
dataset\Apple___Apple_scab\image (465).JPG,Apple___Apple_scab,apple_scab,high,1
dataset\Apple___Cedar_apple_rust\image (48).JPG,Apple___Cedar_apple_rust,cedar_rust,low,1
dataset\Apple___Cedar_apple_rust\image (198).JPG,Apple___Cedar_apple_rust,cedar_rust,moderate,1
dataset\Apple___Black_rot\image (266).JPG,Apple___Black_rot,black_rot,low,1
dataset\Apple___healthy\image (1161).JPG,Apple___healthy,healthy,low,1
dataset\Apple___Apple_scab\image (325).JPG,Apple___Apple_scab,apple_scab,low,1
dataset\Apple___Cedar_apple_rust\image (264).JPG,Apple___Cedar_apple_rust,cedar_rust,moderate,1
dataset\Apple___Apple_scab\image (474).JPG,Apple___Apple_scab,apple_scab,high,1
dataset\Apple___Cedar_apple_rust\image (132).JPG,Apple___Cedar_apple_rust,cedar_rust,high,1
dataset\Apple___Apple_scab\image (254).JPG,Apple___Apple_scab,apple_scab,low,1
dataset\Apple___Cedar_apple_rust\image (86).JPG,Apple___Cedar_apple_rust,cedar_rust,high,1
dataset\Apple___Black_rot\image (198).JPG,Apple___Black_rot,black_rot,low,1
dataset\Apple___Cedar_apple_rust\image (70).JPG,Apple___Cedar_apple_rust,cedar_rust,moderate,1
dataset\Apple___Black_rot\image (149).JPG,Apple___Black_rot,black_rot,moderate,1
dataset\Apple___healthy\image (1580).JPG,Apple___healthy,healthy,low,1
dataset\Apple___Black_rot\image (290).JPG,Apple___Black_rot,black_rot,low,1
dataset\Apple___Black_rot\image (369).JPG,Apple___Black_rot,black_rot,low,1
dataset\Apple___healthy\image (766).JPG,Apple___healthy,healthy,low,1
dataset\Apple___healthy\image (443).JPG,Apple___healthy,healthy,low,1
dataset\Apple___healthy\image (69).JPG,Apple___healthy,healthy,low,1
dataset\Apple___Cedar_apple_rust\image (157).JPG,Apple___Cedar_apple_rust,cedar_rust,moderate,1
dataset\Apple___healthy\image (436).JPG,Apple___healthy,healthy,low,1
dataset\Apple___Cedar_apple_rust\image (274).JPG,Apple___Cedar_apple_rust,cedar_rust,moderate,1
dataset\Apple___healthy\image (1165).JPG,Apple___healthy,healthy,low,1
dataset\Apple___Black_rot\image (19).JPG,Apple___Black_rot,black_rot,moderate,1
dataset\Apple___Cedar_apple_rust\image (88).JPG,Apple___Cedar_apple_rust,cedar_rust,moderate,1
dataset\Apple___Black_rot\image (560).JPG,Apple___Black_rot,black_rot,low,1
dataset\Apple___Apple_scab\image (95).JPG,Apple___Apple_scab,apple_scab,low,1
dataset\Apple___Black_rot\image (590).JPG,Apple___Black_rot,black_rot,moderate,1
dataset\Apple___Black_rot\image (272).JPG,Apple___Black_rot,black_rot,moderate,1
dataset\Apple___Apple_scab\image (14).JPG,Apple___Apple_scab,apple_scab,high,1
dataset\Apple___Cedar_apple_rust\image (144).JPG,Apple___Cedar_apple_rust,cedar_rust,high,1
dataset\Apple___Cedar_apple_rust\image (61).JPG,Apple___Cedar_apple_rust,cedar_rust,moderate,1
dataset\Apple___Cedar_apple_rust\image (115).JPG,Apple___Cedar_apple_rust,cedar_rust,low,1
dataset\Apple___Cedar_apple_rust\image (236).JPG,Apple___Cedar_apple_rust,cedar_rust,moderate,1
dataset\Apple___Black_rot\image (542).JPG,Apple___Black_rot,black_rot,moderate,1
dataset\Apple___Black_rot\image (426).JPG,Apple___Black_rot,black_rot,low,1
dataset\Apple___Cedar_apple_rust\image (196).JPG,Apple___Cedar_apple_rust,cedar_rust,moderate,1
dataset\Apple___Apple_scab\image (442).JPG,Apple___Apple_scab,apple_scab,high,1
dataset\Apple___Black_rot\image (237).JPG,Apple___Black_rot,black_rot,low,1
dataset\Apple___Apple_scab\image (225).JPG,Apple___Apple_scab,apple_scab,moderate,1
dataset\Apple___Cedar_apple_rust\image (69).JPG,Apple___Cedar_apple_rust,cedar_rust,high,1
dataset\Apple___Apple_scab\image (137).JPG,Apple___Apple_scab,apple_scab,moderate,1
dataset\Apple___Black_rot\image (118).JPG,Apple___Black_rot,black_rot,high,1
dataset\Apple___Cedar_apple_rust\image (17).JPG,Apple___Cedar_apple_rust,cedar_rust,low,1
dataset\Apple___Black_rot\image (503).JPG,Apple___Black_rot,black_rot,moderate,1
dataset\Apple___Cedar_apple_rust\image (176).JPG,Apple___Cedar_apple_rust,cedar_rust,high,1
dataset\Apple___Black_rot\image (128).JPG,Apple___Black_rot,black_rot,moderate,1
dataset\Apple___Cedar_apple_rust\image (202).JPG,Apple___Cedar_apple_rust,cedar_rust,moderate,1
dataset\Apple___Apple_scab\image (528).JPG,Apple___Apple_scab,apple_scab,high,1
dataset\Apple___Apple_scab\image (398).JPG,Apple___Apple_scab,apple_scab,high,1
dataset\Apple___Cedar_apple_rust\image (121).JPG,Apple___Cedar_apple_rust,cedar_rust,low,1
dataset\Apple___Apple_scab\image (580).JPG,Apple___Apple_scab,apple_scab,low,1
dataset\Apple___Black_rot\image (263).JPG,Apple___Black_rot,black_rot,low,1
dataset\Apple___Black_rot\image (278).JPG,Apple___Black_rot,black_rot,low,1
dataset\Apple___Apple_scab\image (422).JPG,Apple___Apple_scab,apple_scab,high,1
dataset\Apple___Black_rot\image (530).JPG,Apple___Black_rot,black_rot,high,1
dataset\Apple___Apple_scab\image (151).JPG,Apple___Apple_scab,apple_scab,moderate,1
dataset\Apple___Apple_scab\image (79).JPG,Apple___Apple_scab,apple_scab,moderate,1
dataset\Apple___Black_rot\image (342).JPG,Apple___Black_rot,black_rot,moderate,1
dataset\Apple___Black_rot\image (112).JPG,Apple___Black_rot,black_rot,moderate,1
dataset\Apple___Black_rot\image (42).JPG,Apple___Black_rot,black_rot,low,1
dataset\Apple___Apple_scab\image (551).JPG,Apple___Apple_scab,apple_scab,low,1
dataset\Apple___Apple_scab\image (335).JPG,Apple___Apple_scab,apple_scab,moderate,1
dataset\Apple___Apple_scab\image (203).JPG,Apple___Apple_scab,apple_scab,moderate,1
dataset\Apple___Cedar_apple_rust\image (265).JPG,Apple___Cedar_apple_rust,cedar_rust,high,1
dataset\Apple___Black_rot\image (196).JPG,Apple___Black_rot,black_rot,moderate,1
dataset\Apple___healthy\image (307).JPG,Apple___healthy,healthy,low,1
dataset\Apple___healthy\image (379).JPG,Apple___healthy,healthy,low,1
dataset\Apple___Apple_scab\image (623).JPG,Apple___Apple_scab,apple_scab,low,1
dataset\Apple___Black_rot\image (364).JPG,Apple___Black_rot,black_rot,low,1
dataset\Apple___Black_rot\image (159).JPG,Apple___Black_rot,black_rot,low,1
dataset\Apple___Cedar_apple_rust\image (76).JPG,Apple___Cedar_apple_rust,cedar_rust,moderate,1
dataset\Apple___Apple_scab\image (265).JPG,Apple___Apple_scab,apple_scab,low,1
dataset\Apple___Black_rot\image (121).JPG,Apple___Black_rot,black_rot,low,1
dataset\Apple___Apple_scab\image (234).JPG,Apple___Apple_scab,apple_scab,moderate,1
dataset\Apple___healthy\image (988).JPG,Apple___healthy,healthy,low,1
dataset\Apple___Black_rot\image (571).JPG,Apple___Black_rot,black_rot,low,1
dataset\Apple___Black_rot\image (264).JPG,Apple___Black_rot,black_rot,low,1
dataset\Apple___Cedar_apple_rust\image (44).JPG,Apple___Cedar_apple_rust,cedar_rust,moderate,1
dataset\Apple___Black_rot\image (480).JPG,Apple___Black_rot,black_rot,moderate,1
dataset\Apple___Apple_scab\image (568).JPG,Apple___Apple_scab,apple_scab,low,1
dataset\Apple___Black_rot\image (241).JPG,Apple___Black_rot,black_rot,low,1
dataset\Apple___Black_rot\image (167).JPG,Apple___Black_rot,black_rot,low,1
dataset\Apple___healthy\image (5).JPG,Apple___healthy,healthy,low,1
dataset\Apple___Cedar_apple_rust\image (60).JPG,Apple___Cedar_apple_rust,cedar_rust,moderate,1
dataset\Apple___Cedar_apple_rust\image (4).JPG,Apple___Cedar_apple_rust,cedar_rust,moderate,1
dataset\Apple___Apple_scab\image (186).JPG,Apple___Apple_scab,apple_scab,high,1
dataset\Apple___Cedar_apple_rust\image (173).JPG,Apple___Cedar_apple_rust,cedar_rust,low,1
dataset\Apple___Black_rot\image (293).JPG,Apple___Black_rot,black_rot,low,1
dataset\Apple___Cedar_apple_rust\image (238).JPG,Apple___Cedar_apple_rust,cedar_rust,moderate,1
dataset\Apple___Apple_scab\image (491).JPG,Apple___Apple_scab,apple_scab,low,1
dataset\Apple___Apple_scab\image (527).JPG,Apple___Apple_scab,apple_scab,moderate,1
dataset\Apple___Black_rot\image (392).JPG,Apple___Black_rot,black_rot,low,1
dataset\Apple___Black_rot\image (260).JPG,Apple___Black_rot,black_rot,low,1
dataset\Apple___Apple_scab\image (513).JPG,Apple___Apple_scab,apple_scab,low,1
dataset\Apple___Apple_scab\image (510).JPG,Apple___Apple_scab,apple_scab,low,1
dataset\Apple___Cedar_apple_rust\image (124).JPG,Apple___Cedar_apple_rust,cedar_rust,low,1
dataset\Apple___Cedar_apple_rust\image (253).JPG,Apple___Cedar_apple_rust,cedar_rust,high,1
dataset\Apple___Apple_scab\image (57).JPG,Apple___Apple_scab,apple_scab,high,1
dataset\Apple___Apple_scab\image (571).JPG,Apple___Apple_scab,apple_scab,high,1
dataset\Apple___Black_rot\image (336).JPG,Apple___Black_rot,black_rot,low,1
dataset\Apple___healthy\image (886).JPG,Apple___healthy,healthy,low,1
dataset\Apple___Black_rot\image (185).JPG,Apple___Black_rot,black_rot,moderate,1
dataset\Apple___healthy\image (1633).JPG,Apple___healthy,healthy,low,1
dataset\Apple___Apple_scab\image (315).JPG,Apple___Apple_scab,apple_scab,moderate,1
dataset\Apple___Cedar_apple_rust\image (59).JPG,Apple___Cedar_apple_rust,cedar_rust,moderate,1
dataset\Apple___Black_rot\image (607).JPG,Apple___Black_rot,black_rot,low,1
dataset\Apple___Black_rot\image (279).JPG,Apple___Black_rot,black_rot,low,1
dataset\Apple___Apple_scab\image (278).JPG,Apple___Apple_scab,apple_scab,moderate,1
dataset\Apple___Cedar_apple_rust\image (85).JPG,Apple___Cedar_apple_rust,cedar_rust,moderate,1
dataset\Apple___healthy\image (1402).JPG,Apple___healthy,healthy,low,1
dataset\Apple___healthy\image (607).JPG,Apple___healthy,healthy,low,1
dataset\Apple___Cedar_apple_rust\image (95).JPG,Apple___Cedar_apple_rust,cedar_rust,low,1
dataset\Apple___Apple_scab\image (239).JPG,Apple___Apple_scab,apple_scab,moderate,1
dataset\Apple___Apple_scab\image (350).JPG,Apple___Apple_scab,apple_scab,low,1
dataset\Apple___Apple_scab\image (340).JPG,Apple___Apple_scab,apple_scab,moderate,1
dataset\Apple___Black_rot\image (172).JPG,Apple___Black_rot,black_rot,low,1
dataset\Apple___Black_rot\image (208).JPG,Apple___Black_rot,black_rot,low,1
dataset\Apple___Apple_scab\image (378).JPG,Apple___Apple_scab,apple_scab,moderate,1
dataset\Apple___Black_rot\image (412).JPG,Apple___Black_rot,black_rot,low,1
dataset\Apple___Cedar_apple_rust\image (247).JPG,Apple___Cedar_apple_rust,cedar_rust,moderate,1
dataset\Apple___Black_rot\image (428).JPG,Apple___Black_rot,black_rot,low,1
dataset\Apple___Apple_scab\image (247).JPG,Apple___Apple_scab,apple_scab,high,1
dataset\Apple___Cedar_apple_rust\image (38).JPG,Apple___Cedar_apple_rust,cedar_rust,low,1
dataset\Apple___Apple_scab\image (299).JPG,Apple___Apple_scab,apple_scab,moderate,1
dataset\Apple___Apple_scab\image (429).JPG,Apple___Apple_scab,apple_scab,moderate,1
dataset\Apple___Black_rot\image (489).JPG,Apple___Black_rot,black_rot,low,1
dataset\Apple___Cedar_apple_rust\image (34).JPG,Apple___Cedar_apple_rust,cedar_rust,high,1
dataset\Apple___Cedar_apple_rust\image (237).JPG,Apple___Cedar_apple_rust,cedar_rust,low,1
dataset\Apple___Apple_scab\image (44).JPG,Apple___Apple_scab,apple_scab,high,1
dataset\Apple___healthy\image (1539).JPG,Apple___healthy,healthy,low,1
dataset\Apple___Apple_scab\image (214).JPG,Apple___Apple_scab,apple_scab,moderate,1
dataset\Apple___healthy\image (1327).JPG,Apple___healthy,healthy,low,1
dataset\Apple___Black_rot\image (82).JPG,Apple___Black_rot,black_rot,low,1
dataset\Apple___Cedar_apple_rust\image (138).JPG,Apple___Cedar_apple_rust,cedar_rust,moderate,1
dataset\Apple___Black_rot\image (523).JPG,Apple___Black_rot,black_rot,low,1
dataset\Apple___Cedar_apple_rust\image (106).JPG,Apple___Cedar_apple_rust,cedar_rust,high,1
dataset\Apple___Apple_scab\image (393).JPG,Apple___Apple_scab,apple_scab,high,1
dataset\Apple___Black_rot\image (120).JPG,Apple___Black_rot,black_rot,low,1
dataset\Apple___Apple_scab\image (444).JPG,Apple___Apple_scab,apple_scab,moderate,1
dataset\Apple___Black_rot\image (37).JPG,Apple___Black_rot,black_rot,low,1
dataset\Apple___Black_rot\image (275).JPG,Apple___Black_rot,black_rot,moderate,1
dataset\Apple___Cedar_apple_rust\image (151).JPG,Apple___Cedar_apple_rust,cedar_rust,moderate,1
dataset\Apple___Apple_scab\image (385).JPG,Apple___Apple_scab,apple_scab,moderate,1
dataset\Apple___Cedar_apple_rust\image (210).JPG,Apple___Cedar_apple_rust,cedar_rust,high,1
dataset\Apple___Cedar_apple_rust\image (197).JPG,Apple___Cedar_apple_rust,cedar_rust,moderate,1
dataset\Apple___healthy\image (414).JPG,Apple___healthy,healthy,low,1
dataset\Apple___Apple_scab\image (358).JPG,Apple___Apple_scab,apple_scab,moderate,1
dataset\Apple___Apple_scab\image (19).JPG,Apple___Apple_scab,apple_scab,high,1
dataset\Apple___Black_rot\image (309).JPG,Apple___Black_rot,black_rot,low,1
dataset\Apple___Black_rot\image (47).JPG,Apple___Black_rot,black_rot,low,1
dataset\Apple___Cedar_apple_rust\image (180).JPG,Apple___Cedar_apple_rust,cedar_rust,moderate,1
dataset\Apple___Apple_scab\image (411).JPG,Apple___Apple_scab,apple_scab,low,1
dataset\Apple___Cedar_apple_rust\image (118).JPG,Apple___Cedar_apple_rust,cedar_rust,high,1
dataset\Apple___healthy\image (662).JPG,Apple___healthy,healthy,low,1
dataset\Apple___Apple_scab\image (555).JPG,Apple___Apple_scab,apple_scab,moderate,1
dataset\Apple___Apple_scab\image (327).JPG,Apple___Apple_scab,apple_scab,moderate,1
dataset\Apple___Cedar_apple_rust\image (251).JPG,Apple___Cedar_apple_rust,cedar_rust,high,1
dataset\Apple___Apple_scab\image (630).JPG,Apple___Apple_scab,apple_scab,high,1
dataset\Apple___Apple_scab\image (161).JPG,Apple___Apple_scab,apple_scab,moderate,1
dataset\Apple___Black_rot\image (166).JPG,Apple___Black_rot,black_rot,high,1
dataset\Apple___healthy\image (522).JPG,Apple___healthy,healthy,low,1
dataset\Apple___Black_rot\image (381).JPG,Apple___Black_rot,black_rot,low,1
dataset\Apple___Apple_scab\image (445).JPG,Apple___Apple_scab,apple_scab,moderate,1
dataset\Apple___Cedar_apple_rust\image (163).JPG,Apple___Cedar_apple_rust,cedar_rust,high,1
dataset\Apple___Black_rot\image (545).JPG,Apple___Black_rot,black_rot,low,1
dataset\Apple___Apple_scab\image (488).JPG,Apple___Apple_scab,apple_scab,moderate,1
dataset\Apple___Black_rot\image (271).JPG,Apple___Black_rot,black_rot,low,1
dataset\Apple___Apple_scab\image (216).JPG,Apple___Apple_scab,apple_scab,high,1
dataset\Apple___Black_rot\image (570).JPG,Apple___Black_rot,black_rot,low,1
dataset\Apple___Apple_scab\image (560).JPG,Apple___Apple_scab,apple_scab,moderate,1
dataset\Apple___Black_rot\image (245).JPG,Apple___Black_rot,black_rot,low,1
dataset\Apple___Cedar_apple_rust\image (107).JPG,Apple___Cedar_apple_rust,cedar_rust,moderate,1
dataset\Apple___Black_rot\image (66).JPG,Apple___Black_rot,black_rot,low,1
dataset\Apple___Apple_scab\image (589).JPG,Apple___Apple_scab,apple_scab,moderate,1
dataset\Apple___Apple_scab\image (614).JPG,Apple___Apple_scab,apple_scab,high,1
dataset\Apple___Apple_scab\image (134).JPG,Apple___Apple_scab,apple_scab,moderate,1
dataset\Apple___healthy\image (1217).JPG,Apple___healthy,healthy,low,1
dataset\Apple___Apple_scab\image (516).JPG,Apple___Apple_scab,apple_scab,moderate,1
dataset\Apple___Apple_scab\image (221).JPG,Apple___Apple_scab,apple_scab,low,1
dataset\Apple___Apple_scab\image (263).JPG,Apple___Apple_scab,apple_scab,moderate,1
dataset\Apple___Black_rot\image (434).JPG,Apple___Black_rot,black_rot,moderate,1
dataset\Apple___Apple_scab\image (418).JPG,Apple___Apple_scab,apple_scab,low,1
dataset\Apple___Black_rot\image (457).JPG,Apple___Black_rot,black_rot,low,1
dataset\Apple___Black_rot\image (307).JPG,Apple___Black_rot,black_rot,low,1
dataset\Apple___Cedar_apple_rust\image (108).JPG,Apple___Cedar_apple_rust,cedar_rust,moderate,1
dataset\Apple___Black_rot\image (333).JPG,Apple___Black_rot,black_rot,low,1
dataset\Apple___Apple_scab\image (538).JPG,Apple___Apple_scab,apple_scab,low,1
dataset\Apple___Black_rot\image (135).JPG,Apple___Black_rot,black_rot,low,1
dataset\Apple___Black_rot\image (451).JPG,Apple___Black_rot,black_rot,moderate,1
dataset\Apple___healthy\image (920).JPG,Apple___healthy,healthy,low,1
dataset\Apple___Apple_scab\image (306).JPG,Apple___Apple_scab,apple_scab,moderate,1
dataset\Apple___Cedar_apple_rust\image (6).JPG,Apple___Cedar_apple_rust,cedar_rust,moderate,1
dataset\Apple___Cedar_apple_rust\image (160).JPG,Apple___Cedar_apple_rust,cedar_rust,moderate,1
dataset\Apple___Cedar_apple_rust\image (166).JPG,Apple___Cedar_apple_rust,cedar_rust,moderate,1
dataset\Apple___Apple_scab\image (41).JPG,Apple___Apple_scab,apple_scab,low,1
dataset\Apple___healthy\image (1306).JPG,Apple___healthy,healthy,low,1
dataset\Apple___Black_rot\image (605).JPG,Apple___Black_rot,black_rot,low,1
dataset\Apple___Black_rot\image (90).JPG,Apple___Black_rot,black_rot,low,1
dataset\Apple___healthy\image (49).JPG,Apple___healthy,healthy,low,1
dataset\Apple___Black_rot\image (69).JPG,Apple___Black_rot,black_rot,moderate,1
dataset\Apple___Cedar_apple_rust\image (192).JPG,Apple___Cedar_apple_rust,cedar_rust,low,1
dataset\Apple___Apple_scab\image (205).JPG,Apple___Apple_scab,apple_scab,moderate,1
dataset\Apple___Cedar_apple_rust\image (226).JPG,Apple___Cedar_apple_rust,cedar_rust,low,1
dataset\Apple___Cedar_apple_rust\image (231).JPG,Apple___Cedar_apple_rust,cedar_rust,moderate,1
dataset\Apple___healthy\image (1387).JPG,Apple___healthy,healthy,low,1
dataset\Apple___Cedar_apple_rust\image (23).JPG,Apple___Cedar_apple_rust,cedar_rust,high,1
dataset\Apple___Apple_scab\image (520).JPG,Apple___Apple_scab,apple_scab,high,1
dataset\Apple___Black_rot\image (255).JPG,Apple___Black_rot,black_rot,low,1
dataset\Apple___Cedar_apple_rust\image (199).JPG,Apple___Cedar_apple_rust,cedar_rust,moderate,1
dataset\Apple___Black_rot\image (559).JPG,Apple___Black_rot,black_rot,low,1
dataset\Apple___healthy\image (82).JPG,Apple___healthy,healthy,low,1
dataset\Apple___Cedar_apple_rust\image (213).JPG,Apple___Cedar_apple_rust,cedar_rust,moderate,1
dataset\Apple___healthy\image (239).JPG,Apple___healthy,healthy,low,1
dataset\Apple___Black_rot\image (246).JPG,Apple___Black_rot,black_rot,low,1
dataset\Apple___Black_rot\image (495).JPG,Apple___Black_rot,black_rot,low,1
dataset\Apple___Apple_scab\image (293).JPG,Apple___Apple_scab,apple_scab,moderate,1
dataset\Apple___Apple_scab\image (60).JPG,Apple___Apple_scab,apple_scab,moderate,1
dataset\Apple___healthy\image (1059).JPG,Apple___healthy,healthy,low,1
dataset\Apple___Apple_scab\image (310).JPG,Apple___Apple_scab,apple_scab,low,1
dataset\Apple___Apple_scab\image (443).JPG,Apple___Apple_scab,apple_scab,moderate,1
dataset\Apple___Apple_scab\image (472).JPG,Apple___Apple_scab,apple_scab,low,1
dataset\Apple___Cedar_apple_rust\image (94).JPG,Apple___Cedar_apple_rust,cedar_rust,high,1
dataset\Apple___Apple_scab\image (222).JPG,Apple___Apple_scab,apple_scab,high,1
dataset\Apple___Black_rot\image (534).JPG,Apple___Black_rot,black_rot,low,1
dataset\Apple___Apple_scab\image (111).JPG,Apple___Apple_scab,apple_scab,low,1
dataset\Apple___healthy\image (652).JPG,Apple___healthy,healthy,low,1
dataset\Apple___Apple_scab\image (153).JPG,Apple___Apple_scab,apple_scab,low,1
dataset\Apple___healthy\image (218).JPG,Apple___healthy,healthy,low,1
dataset\Apple___Apple_scab\image (618).JPG,Apple___Apple_scab,apple_scab,moderate,1
dataset\Apple___healthy\image (888).JPG,Apple___healthy,healthy,low,1
dataset\Apple___Black_rot\image (429).JPG,Apple___Black_rot,black_rot,low,1
dataset\Apple___Black_rot\image (43).JPG,Apple___Black_rot,black_rot,low,1
dataset\Apple___Apple_scab\image (629).JPG,Apple___Apple_scab,apple_scab,moderate,1
dataset\Apple___Black_rot\image (150).JPG,Apple___Black_rot,black_rot,low,1
dataset\Apple___Black_rot\image (76).JPG,Apple___Black_rot,black_rot,low,1
dataset\Apple___healthy\image (309).JPG,Apple___healthy,healthy,low,1
dataset\Apple___healthy\image (1357).JPG,Apple___healthy,healthy,low,1
dataset\Apple___Black_rot\image (27).JPG,Apple___Black_rot,black_rot,moderate,1
dataset\Apple___Cedar_apple_rust\image (19).JPG,Apple___Cedar_apple_rust,cedar_rust,moderate,1
dataset\Apple___Black_rot\image (341).JPG,Apple___Black_rot,black_rot,moderate,1
dataset\Apple___Black_rot\image (589).JPG,Apple___Black_rot,black_rot,low,1
dataset\Apple___Apple_scab\image (619).JPG,Apple___Apple_scab,apple_scab,low,1
dataset\Apple___healthy\image (583).JPG,Apple___healthy,healthy,low,1
dataset\Apple___Apple_scab\image (363).JPG,Apple___Apple_scab,apple_scab,high,1
dataset\Apple___Black_rot\image (207).JPG,Apple___Black_rot,black_rot,low,1
dataset\Apple___Cedar_apple_rust\image (148).JPG,Apple___Cedar_apple_rust,cedar_rust,moderate,1
dataset\Apple___Apple_scab\image (421).JPG,Apple___Apple_scab,apple_scab,moderate,1
dataset\Apple___Black_rot\image (114).JPG,Apple___Black_rot,black_rot,low,1
dataset\Apple___Cedar_apple_rust\image (208).JPG,Apple___Cedar_apple_rust,cedar_rust,moderate,1
dataset\Apple___healthy\image (1).JPG,Apple___healthy,healthy,low,1
dataset\Apple___Apple_scab\image (159).JPG,Apple___Apple_scab,apple_scab,moderate,1
dataset\Apple___Cedar_apple_rust\image (72).JPG,Apple___Cedar_apple_rust,cedar_rust,low,1
dataset\Apple___healthy\image (1041).JPG,Apple___healthy,healthy,low,1
dataset\Apple___Apple_scab\image (424).JPG,Apple___Apple_scab,apple_scab,low,1
dataset\Apple___Cedar_apple_rust\image (145).JPG,Apple___Cedar_apple_rust,cedar_rust,moderate,1
dataset\Apple___Black_rot\image (463).JPG,Apple___Black_rot,black_rot,moderate,1
dataset\Apple___Cedar_apple_rust\image (99).JPG,Apple___Cedar_apple_rust,cedar_rust,high,1
dataset\Apple___Cedar_apple_rust\image (250).JPG,Apple___Cedar_apple_rust,cedar_rust,high,1
dataset\Apple___Cedar_apple_rust\image (119).JPG,Apple___Cedar_apple_rust,cedar_rust,moderate,1
dataset\Apple___Apple_scab\image (334).JPG,Apple___Apple_scab,apple_scab,moderate,1
dataset\Apple___Apple_scab\image (514).JPG,Apple___Apple_scab,apple_scab,moderate,1
dataset\Apple___Cedar_apple_rust\image (258).JPG,Apple___Cedar_apple_rust,cedar_rust,low,1
dataset\Apple___Cedar_apple_rust\image (89).JPG,Apple___Cedar_apple_rust,cedar_rust,moderate,1
dataset\Apple___Apple_scab\image (231).JPG,Apple___Apple_scab,apple_scab,moderate,1
dataset\Apple___Apple_scab\image (296).JPG,Apple___Apple_scab,apple_scab,moderate,1
dataset\Apple___healthy\image (1400).JPG,Apple___healthy,healthy,low,1
dataset\Apple___Black_rot\image (320).JPG,Apple___Black_rot,black_rot,moderate,1
dataset\Apple___Cedar_apple_rust\image (179).JPG,Apple___Cedar_apple_rust,cedar_rust,low,1
dataset\Apple___Cedar_apple_rust\image (159).JPG,Apple___Cedar_apple_rust,cedar_rust,moderate,1
dataset\Apple___Apple_scab\image (78).JPG,Apple___Apple_scab,apple_scab,moderate,1
dataset\Apple___healthy\image (1414).JPG,Apple___healthy,healthy,low,1
dataset\Apple___Apple_scab\image (625).JPG,Apple___Apple_scab,apple_scab,low,1
dataset\Apple___Black_rot\image (87).JPG,Apple___Black_rot,black_rot,low,1
dataset\Apple___healthy\image (919).JPG,Apple___healthy,healthy,low,1
dataset\Apple___Apple_scab\image (441).JPG,Apple___Apple_scab,apple_scab,moderate,1
dataset\Apple___Apple_scab\image (328).JPG,Apple___Apple_scab,apple_scab,low,1
dataset\Apple___Apple_scab\image (321).JPG,Apple___Apple_scab,apple_scab,low,1
dataset\Apple___Black_rot\image (580).JPG,Apple___Black_rot,black_rot,low,1
dataset\Apple___Cedar_apple_rust\image (90).JPG,Apple___Cedar_apple_rust,cedar_rust,moderate,1
dataset\Apple___Apple_scab\image (377).JPG,Apple___Apple_scab,apple_scab,moderate,1
dataset\Apple___healthy\image (714).JPG,Apple___healthy,healthy,low,1
dataset\Apple___Apple_scab\image (155).JPG,Apple___Apple_scab,apple_scab,low,1
dataset\Apple___Black_rot\image (63).JPG,Apple___Black_rot,black_rot,low,1
dataset\Apple___Apple_scab\image (91).JPG,Apple___Apple_scab,apple_scab,moderate,1
dataset\Apple___Black_rot\image (453).JPG,Apple___Black_rot,black_rot,low,1
dataset\Apple___Black_rot\image (371).JPG,Apple___Black_rot,black_rot,moderate,1
dataset\Apple___Apple_scab\image (267).JPG,Apple___Apple_scab,apple_scab,moderate,1
dataset\Apple___healthy\image (982).JPG,Apple___healthy,healthy,low,1
dataset\Apple___Black_rot\image (281).JPG,Apple___Black_rot,black_rot,low,1
dataset\Apple___Cedar_apple_rust\image (58).JPG,Apple___Cedar_apple_rust,cedar_rust,moderate,1
dataset\Apple___healthy\image (1446).JPG,Apple___healthy,healthy,low,1
dataset\Apple___Cedar_apple_rust\image (239).JPG,Apple___Cedar_apple_rust,cedar_rust,high,1
dataset\Apple___Cedar_apple_rust\image (242).JPG,Apple___Cedar_apple_rust,cedar_rust,high,1
dataset\Apple___Cedar_apple_rust\image (62).JPG,Apple___Cedar_apple_rust,cedar_rust,moderate,1
dataset\Apple___healthy\image (786).JPG,Apple___healthy,healthy,low,1
dataset\Apple___Cedar_apple_rust\image (154).JPG,Apple___Cedar_apple_rust,cedar_rust,low,1
dataset\Apple___healthy\image (785).JPG,Apple___healthy,healthy,low,1
dataset\Apple___Black_rot\image (100).JPG,Apple___Black_rot,black_rot,low,1
dataset\Apple___Black_rot\image (96).JPG,Apple___Black_rot,black_rot,low,1
dataset\Apple___Apple_scab\image (297).JPG,Apple___Apple_scab,apple_scab,low,1
dataset\Apple___Apple_scab\image (260).JPG,Apple___Apple_scab,apple_scab,moderate,1
dataset\Apple___Black_rot\image (572).JPG,Apple___Black_rot,black_rot,moderate,1
dataset\Apple___Black_rot\image (152).JPG,Apple___Black_rot,black_rot,low,1
dataset\Apple___Black_rot\image (391).JPG,Apple___Black_rot,black_rot,low,1
dataset\Apple___Black_rot\image (163).JPG,Apple___Black_rot,black_rot,low,1
dataset\Apple___healthy\image (826).JPG,Apple___healthy,healthy,low,1
dataset\Apple___Cedar_apple_rust\image (9).JPG,Apple___Cedar_apple_rust,cedar_rust,moderate,1
dataset\Apple___Cedar_apple_rust\image (100).JPG,Apple___Cedar_apple_rust,cedar_rust,moderate,1
dataset\Apple___Black_rot\image (521).JPG,Apple___Black_rot,black_rot,low,1
dataset\Apple___Apple_scab\image (496).JPG,Apple___Apple_scab,apple_scab,high,1
dataset\Apple___Black_rot\image (310).JPG,Apple___Black_rot,black_rot,high,1
dataset\Apple___Apple_scab\image (49).JPG,Apple___Apple_scab,apple_scab,high,1
dataset\Apple___healthy\image (1605).JPG,Apple___healthy,healthy,low,1
dataset\Apple___Black_rot\image (247).JPG,Apple___Black_rot,black_rot,low,1
dataset\Apple___healthy\image (90).JPG,Apple___healthy,healthy,low,1
dataset\Apple___Black_rot\image (541).JPG,Apple___Black_rot,black_rot,low,1
dataset\Apple___Apple_scab\image (505).JPG,Apple___Apple_scab,apple_scab,low,1
dataset\Apple___healthy\image (981).JPG,Apple___healthy,healthy,low,1
dataset\Apple___Cedar_apple_rust\image (20).JPG,Apple___Cedar_apple_rust,cedar_rust,low,1
dataset\Apple___Black_rot\image (525).JPG,Apple___Black_rot,black_rot,low,1
dataset\Apple___Apple_scab\image (167).JPG,Apple___Apple_scab,apple_scab,low,1
dataset\Apple___Cedar_apple_rust\image (146).JPG,Apple___Cedar_apple_rust,cedar_rust,high,1
dataset\Apple___Cedar_apple_rust\image (39).JPG,Apple___Cedar_apple_rust,cedar_rust,moderate,1
dataset\Apple___Black_rot\image (15).JPG,Apple___Black_rot,black_rot,low,1
dataset\Apple___Apple_scab\image (32).JPG,Apple___Apple_scab,apple_scab,moderate,1
dataset\Apple___Black_rot\image (375).JPG,Apple___Black_rot,black_rot,low,1
dataset\Apple___Apple_scab\image (77).JPG,Apple___Apple_scab,apple_scab,exclude,1
dataset\Apple___Black_rot\image (158).JPG,Apple___Black_rot,black_rot,exclude,1
dataset\Apple___Black_rot\image (83).JPG,Apple___Black_rot,black_rot,low,1
dataset\Apple___healthy\image (255).JPG,Apple___healthy,healthy,low,1
dataset\Apple___Cedar_apple_rust\image (105).JPG,Apple___Cedar_apple_rust,cedar_rust,low,1
dataset\Apple___healthy\image (1640).JPG,Apple___healthy,healthy,low,1
dataset\Apple___Apple_scab\image (288).JPG,Apple___Apple_scab,apple_scab,low,1
dataset\Apple___Black_rot\image (22).JPG,Apple___Black_rot,black_rot,low,1
dataset\Apple___Cedar_apple_rust\image (30).JPG,Apple___Cedar_apple_rust,cedar_rust,high,1
dataset\Apple___Black_rot\image (186).JPG,Apple___Black_rot,black_rot,moderate,1
dataset\Apple___Cedar_apple_rust\image (178).JPG,Apple___Cedar_apple_rust,cedar_rust,moderate,1
dataset\Apple___Black_rot\image (481).JPG,Apple___Black_rot,black_rot,low,1
dataset\Apple___Apple_scab\image (275).JPG,Apple___Apple_scab,apple_scab,moderate,1
dataset\Apple___Cedar_apple_rust\image (10).JPG,Apple___Cedar_apple_rust,cedar_rust,high,1
dataset\Apple___Apple_scab\image (61).JPG,Apple___Apple_scab,apple_scab,high,1
dataset\Apple___Black_rot\image (58).JPG,Apple___Black_rot,black_rot,low,1
dataset\Apple___Apple_scab\image (103).JPG,Apple___Apple_scab,apple_scab,low,1
dataset\Apple___Apple_scab\image (28).JPG,Apple___Apple_scab,apple_scab,high,1
dataset\Apple___Apple_scab\image (58).JPG,Apple___Apple_scab,apple_scab,moderate,1
dataset\Apple___Cedar_apple_rust\image (83).JPG,Apple___Cedar_apple_rust,cedar_rust,moderate,1
dataset\Apple___Black_rot\image (433).JPG,Apple___Black_rot,black_rot,low,1
dataset\Apple___Cedar_apple_rust\image (169).JPG,Apple___Cedar_apple_rust,cedar_rust,moderate,1
dataset\Apple___Black_rot\image (51).JPG,Apple___Black_rot,black_rot,low,1
dataset\Apple___Cedar_apple_rust\image (209).JPG,Apple___Cedar_apple_rust,cedar_rust,moderate,1
dataset\Apple___Cedar_apple_rust\image (269).JPG,Apple___Cedar_apple_rust,cedar_rust,moderate,1
dataset\Apple___Cedar_apple_rust\image (272).JPG,Apple___Cedar_apple_rust,cedar_rust,low,1
dataset\Apple___healthy\image (276).JPG,Apple___healthy,healthy,exclude,1
dataset\Apple___Cedar_apple_rust\image (2).JPG,Apple___Cedar_apple_rust,cedar_rust,moderate,1
dataset\Apple___Black_rot\image (520).JPG,Apple___Black_rot,black_rot,low,1
dataset\Apple___Apple_scab\image (206).JPG,Apple___Apple_scab,apple_scab,high,1
dataset\Apple___Apple_scab\image (508).JPG,Apple___Apple_scab,apple_scab,moderate,1
dataset\Apple___Cedar_apple_rust\image (141).JPG,Apple___Cedar_apple_rust,cedar_rust,moderate,1
dataset\Apple___Black_rot\image (585).JPG,Apple___Black_rot,black_rot,low,1
dataset\Apple___Cedar_apple_rust\image (45).JPG,Apple___Cedar_apple_rust,cedar_rust,low,1
dataset\Apple___Black_rot\image (311).JPG,Apple___Black_rot,black_rot,low,1
dataset\Apple___healthy\image (215).JPG,Apple___healthy,healthy,low,1
dataset\Apple___Apple_scab\image (420).JPG,Apple___Apple_scab,apple_scab,low,1
dataset\Apple___Black_rot\image (102).JPG,Apple___Black_rot,black_rot,low,1
dataset\Apple___Apple_scab\image (387).JPG,Apple___Apple_scab,apple_scab,low,1
dataset\Apple___Apple_scab\image (179).JPG,Apple___Apple_scab,apple_scab,moderate,1
dataset\Apple___Cedar_apple_rust\image (26).JPG,Apple___Cedar_apple_rust,cedar_rust,moderate,1
dataset\Apple___Apple_scab\image (114).JPG,Apple___Apple_scab,apple_scab,moderate,1
dataset\Apple___Cedar_apple_rust\image (134).JPG,Apple___Cedar_apple_rust,cedar_rust,high,1
dataset\Apple___Black_rot\image (537).JPG,Apple___Black_rot,black_rot,low,1
dataset\Apple___Black_rot\image (394).JPG,Apple___Black_rot,black_rot,low,1
dataset\Apple___Cedar_apple_rust\image (55).JPG,Apple___Cedar_apple_rust,cedar_rust,moderate,1
dataset\Apple___Black_rot\image (14).JPG,Apple___Black_rot,black_rot,moderate,1
dataset\Apple___healthy\image (673).JPG,Apple___healthy,healthy,low,1
dataset\Apple___Black_rot\image (496).JPG,Apple___Black_rot,black_rot,low,1
dataset\Apple___Apple_scab\image (146).JPG,Apple___Apple_scab,apple_scab,low,1
dataset\Apple___Cedar_apple_rust\image (81).JPG,Apple___Cedar_apple_rust,cedar_rust,moderate,1
dataset\Apple___Cedar_apple_rust\image (63).JPG,Apple___Cedar_apple_rust,cedar_rust,moderate,1
dataset\Apple___Cedar_apple_rust\image (263).JPG,Apple___Cedar_apple_rust,cedar_rust,high,1
dataset\Apple___Apple_scab\image (466).JPG,Apple___Apple_scab,apple_scab,high,1
dataset\Apple___Cedar_apple_rust\image (96).JPG,Apple___Cedar_apple_rust,cedar_rust,moderate,1
dataset\Apple___Apple_scab\image (542).JPG,Apple___Apple_scab,apple_scab,high,1
dataset\Apple___Black_rot\image (296).JPG,Apple___Black_rot,black_rot,low,1
dataset\Apple___Cedar_apple_rust\image (8).JPG,Apple___Cedar_apple_rust,cedar_rust,moderate,1
dataset\Apple___healthy\image (128).JPG,Apple___healthy,healthy,low,1
dataset\Apple___Black_rot\image (568).JPG,Apple___Black_rot,black_rot,low,1
dataset\Apple___Cedar_apple_rust\image (240).JPG,Apple___Cedar_apple_rust,cedar_rust,moderate,1
dataset\Apple___healthy\image (1480).JPG,Apple___healthy,healthy,low,1
dataset\Apple___healthy\image (666).JPG,Apple___healthy,healthy,low,1
dataset\Apple___Apple_scab\image (5).JPG,Apple___Apple_scab,apple_scab,moderate,1
dataset\Apple___Black_rot\image (57).JPG,Apple___Black_rot,black_rot,moderate,1
dataset\Apple___Black_rot\image (177).JPG,Apple___Black_rot,black_rot,low,1
dataset\Apple___Black_rot\image (502).JPG,Apple___Black_rot,black_rot,low,1
dataset\Apple___healthy\image (360).JPG,Apple___healthy,healthy,low,1
dataset\Apple___healthy\image (194).JPG,Apple___healthy,healthy,low,1
dataset\Apple___Apple_scab\image (468).JPG,Apple___Apple_scab,apple_scab,high,1
dataset\Apple___Cedar_apple_rust\image (164).JPG,Apple___Cedar_apple_rust,cedar_rust,high,1
dataset\Apple___Cedar_apple_rust\image (200).JPG,Apple___Cedar_apple_rust,cedar_rust,moderate,1
dataset\Apple___Apple_scab\image (331).JPG,Apple___Apple_scab,apple_scab,low,1
dataset\Apple___Cedar_apple_rust\image (21).JPG,Apple___Cedar_apple_rust,cedar_rust,moderate,1
dataset\Apple___Black_rot\image (567).JPG,Apple___Black_rot,black_rot,moderate,1
dataset\Apple___Apple_scab\image (376).JPG,Apple___Apple_scab,apple_scab,low,1
dataset\Apple___Cedar_apple_rust\image (147).JPG,Apple___Cedar_apple_rust,cedar_rust,high,1
dataset\Apple___Cedar_apple_rust\image (188).JPG,Apple___Cedar_apple_rust,cedar_rust,high,1
dataset\Apple___healthy\image (253).JPG,Apple___healthy,healthy,low,1
dataset\Apple___Apple_scab\image (609).JPG,Apple___Apple_scab,apple_scab,low,1
dataset\Apple___healthy\image (1231).JPG,Apple___healthy,healthy,low,1
dataset\Apple___healthy\image (1329).JPG,Apple___healthy,healthy,low,1
dataset\Apple___Cedar_apple_rust\image (234).JPG,Apple___Cedar_apple_rust,cedar_rust,high,1
dataset\Apple___Black_rot\image (598).JPG,Apple___Black_rot,black_rot,moderate,1
dataset\Apple___Cedar_apple_rust\image (193).JPG,Apple___Cedar_apple_rust,cedar_rust,moderate,1
dataset\Apple___Cedar_apple_rust\image (31).JPG,Apple___Cedar_apple_rust,cedar_rust,high,1
dataset\Apple___Black_rot\image (408).JPG,Apple___Black_rot,black_rot,low,1
dataset\Apple___Cedar_apple_rust\image (98).JPG,Apple___Cedar_apple_rust,cedar_rust,high,1
dataset\Apple___Apple_scab\image (106).JPG,Apple___Apple_scab,apple_scab,moderate,1
dataset\Apple___Black_rot\image (155).JPG,Apple___Black_rot,black_rot,exclude,1
dataset\Apple___Black_rot\image (28).JPG,Apple___Black_rot,black_rot,low,1
dataset\Apple___Cedar_apple_rust\image (53).JPG,Apple___Cedar_apple_rust,cedar_rust,high,1
dataset\Apple___Apple_scab\image (382).JPG,Apple___Apple_scab,apple_scab,moderate,1
dataset\Apple___Cedar_apple_rust\image (149).JPG,Apple___Cedar_apple_rust,cedar_rust,moderate,1
dataset\Apple___Cedar_apple_rust\image (67).JPG,Apple___Cedar_apple_rust,cedar_rust,moderate,1
dataset\Apple___Cedar_apple_rust\image (223).JPG,Apple___Cedar_apple_rust,cedar_rust,high,1
dataset\Apple___Apple_scab\image (531).JPG,Apple___Apple_scab,apple_scab,moderate,1
dataset\Apple___Cedar_apple_rust\image (142).JPG,Apple___Cedar_apple_rust,cedar_rust,moderate,1
dataset\Apple___Black_rot\image (366).JPG,Apple___Black_rot,black_rot,low,1
dataset\Apple___Black_rot\image (270).JPG,Apple___Black_rot,black_rot,low,1
dataset\Apple___Apple_scab\image (178).JPG,Apple___Apple_scab,apple_scab,moderate,1
dataset\Apple___Black_rot\image (613).JPG,Apple___Black_rot,black_rot,low,1
dataset\Apple___Black_rot\image (180).JPG,Apple___Black_rot,black_rot,low,1
dataset\Apple___Apple_scab\image (217).JPG,Apple___Apple_scab,apple_scab,moderate,1
dataset\Apple___Apple_scab\image (82).JPG,Apple___Apple_scab,apple_scab,high,1
dataset\Apple___Apple_scab\image (272).JPG,Apple___Apple_scab,apple_scab,moderate,1
dataset\Apple___Cedar_apple_rust\image (216).JPG,Apple___Cedar_apple_rust,cedar_rust,moderate,1
dataset\Apple___Cedar_apple_rust\image (243).JPG,Apple___Cedar_apple_rust,cedar_rust,moderate,1
dataset\Apple___healthy\image (280).JPG,Apple___healthy,healthy,low,1
dataset\Apple___Cedar_apple_rust\image (110).JPG,Apple___Cedar_apple_rust,cedar_rust,moderate,1
dataset\Apple___Cedar_apple_rust\image (170).JPG,Apple___Cedar_apple_rust,cedar_rust,moderate,1
dataset\Apple___Cedar_apple_rust\image (92).JPG,Apple___Cedar_apple_rust,cedar_rust,low,1
dataset\Apple___Cedar_apple_rust\image (215).JPG,Apple___Cedar_apple_rust,cedar_rust,high,1
dataset\Apple___Black_rot\image (46).JPG,Apple___Black_rot,black_rot,low,1
dataset\Apple___Apple_scab\image (241).JPG,Apple___Apple_scab,apple_scab,moderate,1
dataset\Apple___Apple_scab\image (316).JPG,Apple___Apple_scab,apple_scab,high,1
dataset\Apple___Cedar_apple_rust\image (261).JPG,Apple___Cedar_apple_rust,cedar_rust,high,1
dataset\Apple___Apple_scab\image (223).JPG,Apple___Apple_scab,apple_scab,moderate,1
dataset\Apple___Black_rot\image (13).JPG,Apple___Black_rot,black_rot,low,1
dataset\Apple___Apple_scab\image (586).JPG,Apple___Apple_scab,apple_scab,moderate,1
dataset\Apple___Cedar_apple_rust\image (186).JPG,Apple___Cedar_apple_rust,cedar_rust,moderate,1
dataset\Apple___Black_rot\image (16).JPG,Apple___Black_rot,black_rot,low,1
dataset\Apple___Cedar_apple_rust\image (130).JPG,Apple___Cedar_apple_rust,cedar_rust,low,1
dataset\Apple___Apple_scab\image (535).JPG,Apple___Apple_scab,apple_scab,high,1
dataset\Apple___Black_rot\image (257).JPG,Apple___Black_rot,black_rot,exclude,1
dataset\Apple___Cedar_apple_rust\image (153).JPG,Apple___Cedar_apple_rust,cedar_rust,moderate,1
dataset\Apple___healthy\image (678).JPG,Apple___healthy,healthy,low,1
dataset\Apple___Apple_scab\image (478).JPG,Apple___Apple_scab,apple_scab,high,1
dataset\Apple___Cedar_apple_rust\image (103).JPG,Apple___Cedar_apple_rust,cedar_rust,moderate,1
dataset\Apple___Cedar_apple_rust\image (262).JPG,Apple___Cedar_apple_rust,cedar_rust,high,1
dataset\Apple___healthy\image (931).JPG,Apple___healthy,healthy,low,1
dataset\Apple___Cedar_apple_rust\image (161).JPG,Apple___Cedar_apple_rust,cedar_rust,low,1
dataset\Apple___Black_rot\image (101).JPG,Apple___Black_rot,black_rot,low,1
dataset\Apple___Apple_scab\image (453).JPG,Apple___Apple_scab,apple_scab,moderate,1
dataset\Apple___healthy\image (257).JPG,Apple___healthy,healthy,low,1
dataset\Apple___Cedar_apple_rust\image (189).JPG,Apple___Cedar_apple_rust,cedar_rust,high,1
dataset\Apple___Cedar_apple_rust\image (126).JPG,Apple___Cedar_apple_rust,cedar_rust,moderate,1
dataset\Apple___Apple_scab\image (532).JPG,Apple___Apple_scab,apple_scab,moderate,1
dataset\Apple___Black_rot\image (292).JPG,Apple___Black_rot,black_rot,low,1
dataset\Apple___Apple_scab\image (253).JPG,Apple___Apple_scab,apple_scab,high,1
dataset\Apple___Apple_scab\image (413).JPG,Apple___Apple_scab,apple_scab,high,1
dataset\Apple___Black_rot\image (304).JPG,Apple___Black_rot,black_rot,low,1
dataset\Apple___Black_rot\image (452).JPG,Apple___Black_rot,black_rot,high,1
dataset\Apple___Apple_scab\image (120).JPG,Apple___Apple_scab,apple_scab,low,1
dataset\Apple___Cedar_apple_rust\image (13).JPG,Apple___Cedar_apple_rust,cedar_rust,moderate,1
dataset\Apple___Apple_scab\image (364).JPG,Apple___Apple_scab,apple_scab,moderate,1
dataset\Apple___Apple_scab\image (182).JPG,Apple___Apple_scab,apple_scab,moderate,1
dataset\Apple___Black_rot\image (446).JPG,Apple___Black_rot,black_rot,low,1
dataset\Apple___Apple_scab\image (47).JPG,Apple___Apple_scab,apple_scab,high,1
dataset\Apple___Cedar_apple_rust\image (249).JPG,Apple___Cedar_apple_rust,cedar_rust,high,1
dataset\Apple___Black_rot\image (510).JPG,Apple___Black_rot,black_rot,moderate,1
dataset\Apple___healthy\image (1312).JPG,Apple___healthy,healthy,low,1
dataset\Apple___Cedar_apple_rust\image (28).JPG,Apple___Cedar_apple_rust,cedar_rust,low,1
dataset\Apple___Cedar_apple_rust\image (221).JPG,Apple___Cedar_apple_rust,cedar_rust,moderate,1
dataset\Apple___Black_rot\image (469).JPG,Apple___Black_rot,black_rot,low,1
dataset\Apple___Black_rot\image (368).JPG,Apple___Black_rot,black_rot,exclude,1
dataset\Apple___Cedar_apple_rust\image (257).JPG,Apple___Cedar_apple_rust,cedar_rust,moderate,1
dataset\Apple___Cedar_apple_rust\image (218).JPG,Apple___Cedar_apple_rust,cedar_rust,high,1
dataset\Apple___Black_rot\image (280).JPG,Apple___Black_rot,black_rot,exclude,1
dataset\Apple___Apple_scab\image (177).JPG,Apple___Apple_scab,apple_scab,moderate,1
dataset\Apple___Cedar_apple_rust\image (68).JPG,Apple___Cedar_apple_rust,cedar_rust,moderate,1
dataset\Apple___Black_rot\image (332).JPG,Apple___Black_rot,black_rot,low,1
dataset\Apple___Black_rot\image (448).JPG,Apple___Black_rot,black_rot,moderate,1
dataset\Apple___Black_rot\image (533).JPG,Apple___Black_rot,black_rot,moderate,1
dataset\Apple___Apple_scab\image (462).JPG,Apple___Apple_scab,apple_scab,high,1
dataset\Apple___healthy\image (1286).JPG,Apple___healthy,healthy,low,1
dataset\Apple___Apple_scab\image (490).JPG,Apple___Apple_scab,apple_scab,moderate,1
dataset\Apple___Cedar_apple_rust\image (212).JPG,Apple___Cedar_apple_rust,cedar_rust,moderate,1
dataset\Apple___Apple_scab\image (605).JPG,Apple___Apple_scab,apple_scab,low,1
dataset\Apple___Black_rot\image (334).JPG,Apple___Black_rot,black_rot,low,1
dataset\Apple___Black_rot\image (414).JPG,Apple___Black_rot,black_rot,low,1
dataset\Apple___Black_rot\image (614).JPG,Apple___Black_rot,black_rot,low,1
dataset\Apple___Apple_scab\image (65).JPG,Apple___Apple_scab,apple_scab,moderate,1
dataset\Apple___Black_rot\image (514).JPG,Apple___Black_rot,black_rot,low,1
dataset\Apple___Cedar_apple_rust\image (135).JPG,Apple___Cedar_apple_rust,cedar_rust,moderate,1
dataset\Apple___healthy\image (605).JPG,Apple___healthy,healthy,low,1
dataset\Apple___Cedar_apple_rust\image (194).JPG,Apple___Cedar_apple_rust,cedar_rust,high,1
dataset\Apple___Black_rot\image (17).JPG,Apple___Black_rot,black_rot,high,1
dataset\Apple___Apple_scab\image (534).JPG,Apple___Apple_scab,apple_scab,moderate,1
dataset\Apple___Cedar_apple_rust\image (41).JPG,Apple___Cedar_apple_rust,cedar_rust,moderate,1
dataset\Apple___Cedar_apple_rust\image (102).JPG,Apple___Cedar_apple_rust,cedar_rust,moderate,1
dataset\Apple___Apple_scab\image (269).JPG,Apple___Apple_scab,apple_scab,moderate,1
dataset\Apple___Apple_scab\image (273).JPG,Apple___Apple_scab,apple_scab,moderate,1
dataset\Apple___Cedar_apple_rust\image (64).JPG,Apple___Cedar_apple_rust,cedar_rust,moderate,1
dataset\Apple___Black_rot\image (148).JPG,Apple___Black_rot,black_rot,low,1
dataset\Apple___Cedar_apple_rust\image (172).JPG,Apple___Cedar_apple_rust,cedar_rust,high,1
dataset\Apple___Cedar_apple_rust\image (201).JPG,Apple___Cedar_apple_rust,cedar_rust,moderate,1
dataset\Apple___Cedar_apple_rust\image (211).JPG,Apple___Cedar_apple_rust,cedar_rust,high,1
dataset\Apple___Black_rot\image (109).JPG,Apple___Black_rot,black_rot,high,1
dataset\Apple___Apple_scab\image (543).JPG,Apple___Apple_scab,apple_scab,moderate,1
dataset\Apple___Cedar_apple_rust\image (3).JPG,Apple___Cedar_apple_rust,cedar_rust,high,1
dataset\Apple___Apple_scab\image (15).JPG,Apple___Apple_scab,apple_scab,moderate,1
dataset\Apple___Cedar_apple_rust\image (219).JPG,Apple___Cedar_apple_rust,cedar_rust,low,1
dataset\Apple___Black_rot\image (378).JPG,Apple___Black_rot,black_rot,moderate,1
dataset\Apple___Apple_scab\image (493).JPG,Apple___Apple_scab,apple_scab,moderate,1
dataset\Apple___healthy\image (855).JPG,Apple___healthy,healthy,low,1
dataset\Apple___healthy\image (1279).JPG,Apple___healthy,healthy,low,1
dataset\Apple___Apple_scab\image (415).JPG,Apple___Apple_scab,apple_scab,moderate,1
dataset\Apple___Apple_scab\image (280).JPG,Apple___Apple_scab,apple_scab,high,1
dataset\Apple___healthy\image (591).JPG,Apple___healthy,healthy,low,1
dataset\Apple___Black_rot\image (303).JPG,Apple___Black_rot,black_rot,low,1
dataset\Apple___Apple_scab\image (264).JPG,Apple___Apple_scab,apple_scab,moderate,1
dataset\Apple___Black_rot\image (2).JPG,Apple___Black_rot,black_rot,moderate,1
dataset\Apple___Cedar_apple_rust\image (252).JPG,Apple___Cedar_apple_rust,cedar_rust,high,1
dataset\Apple___Cedar_apple_rust\image (137).JPG,Apple___Cedar_apple_rust,cedar_rust,high,1
dataset\Apple___Apple_scab\image (174).JPG,Apple___Apple_scab,apple_scab,high,1
dataset\Apple___Cedar_apple_rust\image (91).JPG,Apple___Cedar_apple_rust,cedar_rust,high,1
dataset\Apple___healthy\image (1038).JPG,Apple___healthy,healthy,low,1
dataset\Apple___healthy\image (1209).JPG,Apple___healthy,healthy,low,1
dataset\Apple___Cedar_apple_rust\image (129).JPG,Apple___Cedar_apple_rust,cedar_rust,moderate,1
dataset\Apple___Black_rot\image (77).JPG,Apple___Black_rot,black_rot,low,1
dataset\Apple___Cedar_apple_rust\image (49).JPG,Apple___Cedar_apple_rust,cedar_rust,moderate,1
dataset\Apple___Black_rot\image (460).JPG,Apple___Black_rot,black_rot,low,1
dataset\Apple___Black_rot\image (554).JPG,Apple___Black_rot,black_rot,low,1
dataset\Apple___Black_rot\image (232).JPG,Apple___Black_rot,black_rot,low,1
dataset\Apple___Apple_scab\image (546).JPG,Apple___Apple_scab,apple_scab,low,1
dataset\Apple___Apple_scab\image (400).JPG,Apple___Apple_scab,apple_scab,low,1
dataset\Apple___healthy\image (1380).JPG,Apple___healthy,healthy,low,1
dataset\Apple___Cedar_apple_rust\image (71).JPG,Apple___Cedar_apple_rust,cedar_rust,moderate,1
dataset\Apple___Black_rot\image (574).JPG,Apple___Black_rot,black_rot,low,1
dataset\Apple___Apple_scab\image (86).JPG,Apple___Apple_scab,apple_scab,moderate,1
dataset\Apple___Cedar_apple_rust\image (133).JPG,Apple___Cedar_apple_rust,cedar_rust,high,1
dataset\Apple___Apple_scab\image (611).JPG,Apple___Apple_scab,apple_scab,high,1
dataset\Apple___Black_rot\image (201).JPG,Apple___Black_rot,black_rot,low,1
dataset\Apple___Apple_scab\image (232).JPG,Apple___Apple_scab,apple_scab,low,1
dataset\Apple___Cedar_apple_rust\image (111).JPG,Apple___Cedar_apple_rust,cedar_rust,moderate,1
dataset\Apple___healthy\image (773).JPG,Apple___healthy,healthy,low,1
dataset\Apple___Cedar_apple_rust\image (220).JPG,Apple___Cedar_apple_rust,cedar_rust,high,1
dataset\Apple___Cedar_apple_rust\image (232).JPG,Apple___Cedar_apple_rust,cedar_rust,high,1
dataset\Apple___Black_rot\image (134).JPG,Apple___Black_rot,black_rot,low,1
dataset\Apple___Cedar_apple_rust\image (270).JPG,Apple___Cedar_apple_rust,cedar_rust,moderate,1
dataset\Apple___Black_rot\image (276).JPG,Apple___Black_rot,black_rot,low,1
dataset\Apple___Cedar_apple_rust\image (120).JPG,Apple___Cedar_apple_rust,cedar_rust,moderate,1
dataset\Apple___Cedar_apple_rust\image (109).JPG,Apple___Cedar_apple_rust,cedar_rust,moderate,1
dataset\Apple___Cedar_apple_rust\image (29).JPG,Apple___Cedar_apple_rust,cedar_rust,moderate,1
dataset\Apple___Cedar_apple_rust\image (139).JPG,Apple___Cedar_apple_rust,cedar_rust,high,1
dataset\Apple___Cedar_apple_rust\image (79).JPG,Apple___Cedar_apple_rust,cedar_rust,moderate,1
dataset\Apple___Black_rot\image (416).JPG,Apple___Black_rot,black_rot,moderate,1
dataset\Apple___Black_rot\image (65).JPG,Apple___Black_rot,black_rot,moderate,1
dataset\Apple___Apple_scab\image (169).JPG,Apple___Apple_scab,apple_scab,high,1
dataset\Apple___Apple_scab\image (406).JPG,Apple___Apple_scab,apple_scab,high,1
dataset\Apple___Apple_scab\image (195).JPG,Apple___Apple_scab,apple_scab,high,1
dataset\Apple___Cedar_apple_rust\image (165).JPG,Apple___Cedar_apple_rust,cedar_rust,low,1
dataset\Apple___Black_rot\image (498).JPG,Apple___Black_rot,black_rot,low,1
dataset\Apple___Cedar_apple_rust\image (168).JPG,Apple___Cedar_apple_rust,cedar_rust,high,1
dataset\Apple___healthy\image (545).JPG,Apple___healthy,healthy,low,1
dataset\Apple___healthy\image (236).JPG,Apple___healthy,healthy,low,1
dataset\Apple___Cedar_apple_rust\image (195).JPG,Apple___Cedar_apple_rust,cedar_rust,moderate,1
dataset\Apple___Apple_scab\image (112).JPG,Apple___Apple_scab,apple_scab,low,1
dataset\Apple___healthy\image (532).JPG,Apple___healthy,healthy,low,1
dataset\Apple___healthy\image (940).JPG,Apple___healthy,healthy,low,1
dataset\Apple___Apple_scab\image (250).JPG,Apple___Apple_scab,apple_scab,moderate,1
dataset\Apple___Black_rot\image (178).JPG,Apple___Black_rot,black_rot,low,1
dataset\Apple___healthy\image (739).JPG,Apple___healthy,healthy,low,1
dataset\Apple___healthy\image (924).JPG,Apple___healthy,healthy,low,1
dataset\Apple___Black_rot\image (478).JPG,Apple___Black_rot,black_rot,moderate,1
dataset\Apple___Apple_scab\image (544).JPG,Apple___Apple_scab,apple_scab,high,1
dataset\Apple___Apple_scab\image (270).JPG,Apple___Apple_scab,apple_scab,moderate,1
dataset\Apple___healthy\image (149).JPG,Apple___healthy,healthy,low,1
dataset\Apple___healthy\image (1204).JPG,Apple___healthy,healthy,low,1
dataset\Apple___Cedar_apple_rust\image (11).JPG,Apple___Cedar_apple_rust,cedar_rust,high,1
dataset\Apple___Black_rot\image (479).JPG,Apple___Black_rot,black_rot,moderate,1
dataset\Apple___Apple_scab\image (372).JPG,Apple___Apple_scab,apple_scab,low,1
dataset\Apple___Cedar_apple_rust\image (162).JPG,Apple___Cedar_apple_rust,cedar_rust,moderate,1
dataset\Apple___Cedar_apple_rust\image (32).JPG,Apple___Cedar_apple_rust,cedar_rust,moderate,1
dataset\Apple___Cedar_apple_rust\image (214).JPG,Apple___Cedar_apple_rust,cedar_rust,high,1
dataset\Apple___Cedar_apple_rust\image (155).JPG,Apple___Cedar_apple_rust,cedar_rust,moderate,1
dataset\Apple___Cedar_apple_rust\image (259).JPG,Apple___Cedar_apple_rust,cedar_rust,high,1
dataset\Apple___Cedar_apple_rust\image (80).JPG,Apple___Cedar_apple_rust,cedar_rust,high,1
